address,nbr_tx_in,nbr_tx_out,Tot_in,Tot_out,mean_in,mean_out,sdev_in,sdev_out,gini_in,gini_out,avg_time_btw_tx,lifetime
0x020e13faf0955efef0ac9cd4d2c64c513ffcbdec,1008,1000,4.698950897715419e+20,3.6068676485196497e+19,4.66165763662244e+17,3.60686764851965e+16,1.256707422388754e+18,1.0606917062198174e+17,0.7831807248547352,0.7663816382043259,2200.3809760956174,4418365.0
0x0217495d71d7246205bc1b1039dad814d0c0c192,149,711,8.629498840474734e+19,8.059277431061071e+19,5.791609960050157e+17,1.1335130001492365e+17,1.0553756565771382e+18,3.558268870186731e+17,0.7271100469613015,0.8694992628927992,17.113953488372093,14718.0
0x020e0638aa7d98b40d2a3a7ebd37ebdfc5cba2fd,731,474,3.301576178860888e+19,2.174377487514404e+19,4.5165200805210504e+16,4.587294277456549e+16,7.447806580951304e+16,9.806509460020525e+16,0.6324601751488331,0.6759282626093833,2707.360165975104,3262369.0
0x020522bf9b8ed6ff41e2fa6765a17e20e2767d64,25,58,2.40000001e+21,2e+21,9.60000004e+19,3.4482758620689654e+19,1.9595915982673633e+19,2.8326910439257047e+19,0.03999999583333335,0.3922413793103448,836181.048192771,69403027.0
